<?xml version="1.0" encoding="UTF-8"?>
<project-private xmlns="http://www.netbeans.org/ns/project-private/1">
    <editor-bookmarks xmlns="http://www.netbeans.org/ns/editor-bookmarks/2" lastBookmarkId="0"/>
    <open-files xmlns="http://www.netbeans.org/ns/projectui-open-files/2">
        <group>
            <file>file:/C:/Users/volch31/Desktop/Projects/JAVA/MainBank%20(1)/BankApplication/MainBank/src/view/Menu.java</file>
            <file>file:/C:/Users/volch31/Desktop/Projects/JAVA/MainBank%20(1)/BankApplication/MainBank/src/model/BankAccount.java</file>
            <file>file:/C:/Users/volch31/Desktop/Projects/JAVA/MainBank%20(1)/BankApplication/MainBank/src/model/Exceptions/InsufficientFundsException.java</file>
            <file>file:/C:/Users/volch31/Desktop/Projects/JAVA/MainBank%20(1)/BankApplication/MainBank/src/model/Exceptions/InvalidAmountException.java</file>
            <file>file:/C:/Users/volch31/Desktop/Projects/JAVA/MainBank%20(1)/BankApplication/MainBank/src/controller/BusinessLogic.java</file>
            <file>file:/C:/Users/volch31/Desktop/Projects/JAVA/MainBank%20(1)/BankApplication/MainBank/src/view/DepositMenu.java</file>
            <file>file:/C:/Users/volch31/Desktop/Projects/JAVA/MainBank%20(1)/BankApplication/MainBank/src/view/AddAccountMenu.java</file>
            <file>file:/C:/Users/volch31/Desktop/Projects/JAVA/MainBank%20(1)/BankApplication/MainBank/src/model/Saving.java</file>
            <file>file:/C:/Users/volch31/Desktop/Projects/JAVA/MainBank%20(1)/BankApplication/MainBank/src/controller/IOBank.java</file>
            <file>file:/C:/Users/volch31/Desktop/Projects/JAVA/MainBank%20(1)/BankApplication/MainBank/src/model/Account.java</file>
            <file>file:/C:/Users/volch31/Desktop/Projects/JAVA/MainBank%20(1)/BankApplication/MainBank/src/view/WithdrawalMenu.java</file>
            <file>file:/C:/Users/volch31/Desktop/Projects/JAVA/MainBank%20(1)/BankApplication/MainBank/src/model/SavingAccount.java</file>
            <file>file:/C:/Users/volch31/Desktop/Projects/JAVA/MainBank%20(1)/BankApplication/MainBank/src/model/Bank.java</file>
            <file>file:/C:/Users/volch31/Desktop/Projects/JAVA/MainBank%20(1)/BankApplication/MainBank/src/model/Exceptions/BankException.java</file>
            <file>file:/C:/Users/volch31/Desktop/Projects/JAVA/MainBank%20(1)/BankApplication/MainBank/src/model/Exceptions/AccNotFoundException.java</file>
            <file>file:/C:/Users/volch31/Desktop/Projects/JAVA/MainBank%20(1)/BankApplication/MainBank/src/model/Owner.java</file>
        </group>
    </open-files>
</project-private>
