<?xml version="1.0" encoding="UTF-8"?>
<project-private xmlns="http://www.netbeans.org/ns/project-private/1">
    <editor-bookmarks xmlns="http://www.netbeans.org/ns/editor-bookmarks/2" lastBookmarkId="0"/>
    <open-files xmlns="http://www.netbeans.org/ns/projectui-open-files/2">
        <group>
            <file>file:/C:/Users/volch31/Desktop/Projects/JAVA/MainBank%20(1)/MainBank/src/controller/IOBank.java</file>
            <file>file:/C:/Users/volch31/Desktop/Projects/JAVA/MainBank%20(1)/MainBank/src/view/GraphicalInterface.java</file>
            <file>file:/C:/Users/volch31/Desktop/Projects/JAVA/MainBank%20(1)/MainBank/src/view/Menu.java</file>
            <file>file:/C:/Users/volch31/Desktop/Projects/JAVA/MainBank%20(1)/MainBank/src/MainBank.java</file>
            <file>file:/C:/Users/volch31/Desktop/Projects/JAVA/MainBank%20(1)/MainBank/src/view/DepositMenu.java</file>
            <file>file:/C:/Users/volch31/Desktop/Projects/JAVA/MainBank%20(1)/MainBank/src/controller/BusinessLogic.java</file>
            <file>file:/C:/Users/volch31/Desktop/Projects/JAVA/MainBank%20(1)/MainBank/src/model/Bank.java</file>
        </group>
    </open-files>
</project-private>
